,loss,root_mean_squared_error,val_loss,val_root_mean_squared_error
0,6.034306049346924,2.456482410430908,0.21844083070755005,0.4673765301704407
1,5.625603199005127,2.371835470199585,0.21897488832473755,0.46794751286506653
2,5.601972579956055,2.3668487071990967,0.22049185633659363,0.46956560015678406
3,5.8215484619140625,2.4127886295318604,0.2234889417886734,0.4727461636066437
4,5.588303565979004,2.363959312438965,0.22683295607566833,0.47626984119415283
